Total_Cost,First_Route,Second_Route,Expected_demand,Real_demand
873.364550391981,"[[-1, -1], [-1], []]","[[[10, 6, 9], [12, 1], [8, 3, 14], [0, 4, 11], [5, 2, 13]], [[7]], []]","[14.         20.         18.59728178 18.29334076 17.         17.43436472
 14.         14.         16.87228516 13.         12.04663605 14.
 20.         13.48190737 12.73356499]",[20 20 20 20 20 20 20 10 20 10 10 10 20 10 10]
